- name: Visual Pinball Engine
  items:
  - name: Overview
    href: introduction/overview.md
  - name: Features
    href: introduction/features.md

- name: Setup
  items:
  - name: Installing VPE
    href: setup/installing-vpe.md
  - name: Running VPE
    href: setup/running-vpe.md

- name: Editor
  items:
    - name: Unity Components
      href: editor/unity-components.md
    - name: Materials
      href: editor/materials.md
    - name: Switch Manager
      href: editor/switch-manager.md
    - name: Coil Manager
      href: editor/coil-manager.md
    - name: Lamp Manager
      href: editor/lamp-manager.md
    - name: Wire Manager
      href: editor/wire-manager.md
    - name: Multiple Tables
      href: editor/multiple-tables.md
    - name: Advanced Topics
      items:
       - name: Camera Settings
         href: editor/advanced/camera-settings.md

- name: Tutorials
  href: tutorials/index.md
  items:
    - name: Create a Playfield
      href: xref:tutorial_playfield
      items:
        - name: Albedo Texture and Masks
          href: xref:tutorial_playfield_1
        - name: Playfield Mesh
          href: xref:tutorial_playfield_2
  
    - name: Create Realistic Looking Plastics
      href: xref:tutorial_plastics
      items:
        - name: Prepare Artwork
          href: xref:tutorial_plastics_1
        - name: Create Mesh
          href: xref:tutorial_plastics_2
        - name: UV-Map Mesh
          href: xref:tutorial_plastics_3
        - name: Import Into Unity
          href: xref:tutorial_plastics_4

- name: Manual
  href: manual/manual.md
  items:
    - name: Gamelogic Engine
      href: manual/gamelogic-engine.md
    - name: Displays
      href: manual/displays.md
    - name: Pinball Mechanisms
      items:
      - name: Troughs / Ball Drains
        href: manual/mechanisms/troughs.md
      - name: Flippers
        href: manual/mechanisms/flippers.md
      - name: Slingshots
        href: manual/mechanisms/slingshots.md
      - name: Light Groups
        href: manual/mechanisms/light-groups.md
      - name: Teleporters
        href: manual/mechanisms/teleporters.md
      - name: Drop Target Banks
        href: manual/mechanisms/drop-target-banks.md
      - name: Rotators
        href: manual/mechanisms/rotators.md
      - name: Collision Switches
        href: manual/mechanisms/collision-switches.md
